# 第七章 创建计算字段

### 计算字段

数据库中存放的数据可能不是应用程序需要的格式，这些数据可能需要一定的处理才能被应用程序直接使用。

计算字段就是将从数据库中检索出的数据经过转换、计算或格式化。这样就可以在应用程序中避免这些操作。

字段基本上与列的意思相同，不过数据库中一般称为列，而字段通常用于计算字段连接上。

### 拼接字段

拼接使用+或者||，具体看DBMS的支持情况。

```sql
select vend_name + '(' + vend_country + ')'
from Vendors
order by vend_name;
```

Mysql中不支持这两个符号来拼接，而是使用concat()函数把表项拼接起来，括号中各个项用逗号分隔。

```mysql
mysql>select concat( vend_name , '(' , vend_country , ')' )from vendors ;
+------------------------------------------------+
| concat( vend_name , '(' , vend_country , ')' ) |
+------------------------------------------------+
| Bears R Us(USA)                                |
| Bear Emporium(USA)                             |
| Doll House Inc.(USA)                           |
| Furball Inc.(USA)                              |
| Fun and Games(England)                         |
| Jouets et ours(France)                         |
+------------------------------------------------+
6 rows in set (0.00 sec)
```



在MySQL中+就是相加，||就是相或。

**SQL的RTRIM()函数可以清除右空格**

**SQL的LTRIM()函数可以清除左空格**

**SQL的TRIM()函数可以清除左右两边的空格**

拼接好的字段可以用as关键字赋予一个别名：`select xxx + xxx as yyy...;`这样做方便应用程序以别名来使用该数据。

### 算术运算

就是让指定的列使用加减乘除运算符进行计算得出的结果使用as起一个别名：

```mysql
mysql> select prod_id, quantity, item_price,
    -> quantity*item_price as expanded_price
    -> from orderitems
    -> where order_num = 20008;
+---------+----------+------------+----------------+
| prod_id | quantity | item_price | expanded_price |
+---------+----------+------------+----------------+
| RGAN01  |        5 |       4.99 |          24.95 |
| BR03    |        5 |      11.99 |          59.95 |
| BNBG01  |       10 |       3.49 |          34.90 |
| BNBG02  |       10 |       3.49 |          34.90 |
| BNBG03  |       10 |       3.49 |          34.90 |
+---------+----------+------------+----------------+
5 rows in set (0.00 sec)
```



# 第八章 使用数据处理函数

虽然SQL支持利用函数处理数据，但是有很多函数在不同的DBMS中是不兼容的，所以在使用时要参考相应的dbms文档。



# 第九章 汇总数据

就是不把检索的数据直接返回而是将数据通过一些函数后得到一些结构，主要用于分析和报表生成。

### 聚集函数

聚集函数就是运行在行组上，计算和返回单个值得函数。

为了方便这类检索，SQL给出了5中聚集函数。

- avg：返回某列的平均值，需要指定列名作为参数
- count：返回某列的行数
  - 不指定列名时，使用*做参数，对表中行的数目进行计数，列中数据为NULL也会计数
  - 指定列名，不会计算值为NULL的行
- max：返回某列的最大值
- min：。。。最小值
- sum：。。。之和



### 聚集不同值

上述五个函数可以指定两个参数：

- all：可以不指定，因为他是默认行为，即对所有的行执行计算
- distinct：只包含不同的值，必须用在列名，不能用于表达式或星号*

### 组合聚集函数

```mysql
mysql>select count(*) as num_items, min(prod_price) as price_min, max(prod_price) as price_max, avg(prod_price) as price_avg from Products;
+-----------+-----------+-----------+-----------+
| num_items | price_min | price_max | price_avg |
+-----------+-----------+-----------+-----------+
|         9 |      3.49 |     11.99 |  6.823333 |
+-----------+-----------+-----------+-----------+
1 row in set (0.09 sec)

```











# 第十章 分组数据



按分组汇聚数据使用group by子句：

```mysql
mysql> select vend_id,count(*) as num_prods from products group by vend_id;
+---------+-----------+
| vend_id | num_prods |
+---------+-----------+
| BRS01   |         3 |
| DLL01   |         4 |
| FNG01   |         2 |
+---------+-----------+
3 rows in set (0.00 sec)
```

#### **group by**使用注意事项：

- group by可以包含任意数目的列
- 若指定了若干列名，则数据竟会在最后规定的分组上进行汇总，也就是按照group by子句中最后的那个列来进行分组。
- group by子句中每个列必须是检索列或有效的表达式（不能是聚集函数）。使用表达式时要用表达式而不能使用别名
- 大多数sql的group by列不允许是带有可变长度的列
- 除了聚集语句外，select语句中的每个列都必须在group by子句中给出
- 若分组列中有NULL值，则NULL将作为一个分组返回，如果列中有多行NULL值，它们将分为一组。
- group by子句必须出现在WHERE之后，ORDER by之前。

```sql
mysql> select vend_id,prod_price,count(*) as num_prods from products group by vend_id,prod_price;
+---------+------------+-----------+
| vend_id | prod_price | num_prods |
+---------+------------+-----------+
| BRS01   |       5.99 |         1 |
| BRS01   |       8.99 |         1 |
| BRS01   |      11.99 |         1 |
| DLL01   |       3.49 |         3 |
| DLL01   |       4.99 |         1 |
| FNG01   |       9.49 |         2 |
+---------+------------+-----------+
6 rows in set (0.02 sec)
```

上述代码的group by子句中若没写prod_price就会报错。

### 过滤分组

这里不能使用WHERE而是使用having。

having支持所有WHERE操作符。

```mysql
mysql> select cust_id, count(*) as orders from Orders group by cust_id having count(*) >= 2;
+------------+--------+
| cust_id    | orders |
+------------+--------+
| 1000000001 |      2 |
+------------+--------+
1 row in set (0.02 sec)
```

where 在分组前进行过滤，having在分组后进行过滤。



# 第十一章 使用子查询

就是在一个查询语句中嵌套其他查询。

### 利用子查询进行过滤

```mysql
mysql> select cust_name, cust_contact from customers where cust_id in(
    -> select cust_id from orders where order_num in (
    -> select order_num from orderitems where prod_id='RGAN01'));
+---------------+--------------------+
| cust_name     | cust_contact       |
+---------------+--------------------+
| Fun4All       | Denise L. Stephens |
| The Toy Store | Kim Howard         |
+---------------+--------------------+
2 rows in set (0.04 sec)
```

上述代码是要查询购买RGA01商品的所有店铺的联系人。



### 作为计算字段使用子查询

```mysql
mysql> select cust_name, cust_state, (select count(*) from orders where orders.cust_id=customers.cust_id) as orders from customers order by cust_name;
+---------------+------------+--------+
| cust_name     | cust_state | orders |
+---------------+------------+--------+
| Fun4All       | IN         |      1 |
| Fun4All       | AZ         |      1 |
| Kids Place    | OH         |      0 |
| The Toy Store | IL         |      1 |
| Village Toys  | MI         |      2 |
+---------------+------------+--------+
5 rows in set (0.00 sec)
```

- 从customers表中检索客户列表
- 对于检索出的每个客户，统计其在orders表中的订单数目



# 第十二章 联结表



### 联结

联结是一种机制，用来在select语句中关联表。使用特殊的语法可以联结多个表返回一组输出，联结在运行时关联表中正确的行。

### 关系表



关系表的设计就是保证把信息分解成多个表，一类数据一个表。各表通过某些常用的值（即关系设计中的关系）互相关联。

分解数据为多个表能更有效的存储，更方便的处理，并具有更大的可伸缩性，但这样做对检索来说却增加了代价。

因此就需要使用联结。

### 创建联结



```c++
mysql> select vend_name, prod_name, prod_price
    -> from vendors, products
    -> where vendors.vend_id = products.vend_id;
+-----------------+---------------------+------------+
| vend_name       | prod_name           | prod_price |
+-----------------+---------------------+------------+
| Bears R Us      | 8 inch teddy bear   |       5.99 |
| Bears R Us      | 12 inch teddy bear  |       8.99 |
| Bears R Us      | 18 inch teddy bear  |      11.99 |
| Doll House Inc. | Fish bean bag toy   |       3.49 |
| Doll House Inc. | Bird bean bag toy   |       3.49 |
| Doll House Inc. | Rabbit bean bag toy |       3.49 |
| Doll House Inc. | Raggedy Ann         |       4.99 |
| Fun and Games   | King doll           |       9.49 |
| Fun and Games   | Queen doll          |       9.49 |
+-----------------+---------------------+------------+
9 rows in set (0.01 sec)
```

这里select语句中的列一个在vendors表中，另两个在products表中。from子句中有两个表名。



#### 内部联结

上述代码使用的联结称为等值联结，它基于两个表之间的相等测试。这种联结也称为内部联结。还有一种写法其结果与上述相同。

```mysql
mysql> select vend_name, prod_name, prod_price
    -> from vendors inner join products
    -> on vendors.vend_id = products.vend_id;
+-----------------+---------------------+------------+
| vend_name       | prod_name           | prod_price |
+-----------------+---------------------+------------+
| Bears R Us      | 8 inch teddy bear   |       5.99 |
| Bears R Us      | 12 inch teddy bear  |       8.99 |
| Bears R Us      | 18 inch teddy bear  |      11.99 |
| Doll House Inc. | Fish bean bag toy   |       3.49 |
| Doll House Inc. | Bird bean bag toy   |       3.49 |
| Doll House Inc. | Rabbit bean bag toy |       3.49 |
| Doll House Inc. | Raggedy Ann         |       4.99 |
| Fun and Games   | King doll           |       9.49 |
| Fun and Games   | Queen doll          |       9.49 |
+-----------------+---------------------+------------+
9 rows in set (0.00 sec)
```

from子句与之前不同，以inner join指定。联结条件也不使用WHERE而是使用on。

#### 可以联结多个表

sql对一条select语句中可以联结的表的数目没有限制，联结多个表的基本规则也相同。

```mysql
mysql> select prod_name, vend_name, prod_price, quantity
    -> from orderitems, products, vendors
    -> where products.vend_id = vendors.vend_id
    -> and orderitems.prod_id = products.prod_id
    -> and order_num = 20007;
+---------------------+-----------------+------------+----------+
| prod_name           | vend_name       | prod_price | quantity |
+---------------------+-----------------+------------+----------+
| 18 inch teddy bear  | Bears R Us      |      11.99 |       50 |
| Fish bean bag toy   | Doll House Inc. |       3.49 |      100 |
| Bird bean bag toy   | Doll House Inc. |       3.49 |      100 |
| Rabbit bean bag toy | Doll House Inc. |       3.49 |      100 |
| Raggedy Ann         | Doll House Inc. |       4.99 |       50 |
+---------------------+-----------------+------------+----------+
5 rows in set (0.00 sec)

```





# 第十三章 创建高级联结



### 表名也可以使用别名

在from子句中使用as关键字可以给表名添加别用，方便后面WHERE子句使用，主要作用就是缩短整个语句。



### 自联结

```mysql

mysql> select c1.cust_id,c1.cust_name, c1.cust_contact
    -> from customers as c1, customers as c2
    -> where c1.cust_name = c2.cust_name
    -> and c2.cust_contact = 'Jim Jones';
+------------+-----------+--------------------+
| cust_id    | cust_name | cust_contact       |
+------------+-----------+--------------------+
| 1000000003 | Fun4All   | Jim Jones          |
| 1000000004 | Fun4All   | Denise L. Stephens |
+------------+-----------+--------------------+
2 rows in set (0.00 sec)
```

此查询使用的两个表其实就是同一个表，为了消除二义性，使用了表别名。



### 外部联结

联结包含了在那些相关表中没有关联行的行。这种类型的联结称为外部联结。

```mysql
mysql> select customers.cust_id, orders.order_num
    -> from customers left outer join orders
    -> on customers.cust_id = orders.cust_id;
+------------+-----------+
| cust_id    | order_num |
+------------+-----------+
| 1000000001 |     20005 |
| 1000000003 |     20006 |
| 1000000004 |     20007 |
| 1000000005 |     20008 |
| 1000000001 |     20009 |
| 1000000002 |      NULL |
+------------+-----------+
6 rows in set (0.00 sec)
```

上述代码是检索所有客户的订单数量，包括哪些没有订单的客户。这里使用了outer join来指定联结的类型。

外部联结还使用了right或left关键字来指定包括其所有行的表：

- right指出的是outer join右边的表
- left指出的是outer join左边的表

```mysql
select customers.cust_id, orders.order_num
    -> from customers right outer join orders
    -> on customers.cust_id = orders.cust_id;
+------------+-----------+
| cust_id    | order_num |
+------------+-----------+
| 1000000001 |     20005 |
| 1000000003 |     20006 |
| 1000000004 |     20007 |
| 1000000005 |     20008 |
| 1000000001 |     20009 |
+------------+-----------+
5 rows in set (0.00 sec)
```

这里代码和上个代码只是将left改为right了，结果却有不同：left表示的是指从customers表中检索符合要求的行；right表示的是从orders表中检索符合要求的行。从结果中可以看出第二种写法的结果少了一个用户id为10000000002的客户，这是因为第二从方法是从orders表中检索，而该表中没有这个用户的订单；而第一中方法是从customers表中检索，该表中包含所有用户，自然就会包含10000000002这个用户，但其值只能设置为NULL（没有订单）。

#### 简化的外联结语法：

- 左外部联结

  ```sql
  select customers.cust_id, orders.order_num
  from customers, orders
  where customers.cust_id *= orders.cust_id;
  ```

- 右外部联结

  ```sql
  select customers.cust_id, orders.order_num
  from customers, orders
  where customers.cust_id =* orders.cust_id;
  ```

- 区别就是WHERE子句中的星号在等号左边还是右边

- MySQL不支持这种写法



#### 全外联结

与之前两种外联结不同的是，全部外联结包含来自两个表的不关联的行。（之前是包含来自一个表的不关联的行，来自左或右）

具体就是将前边的left或right换为full：

```sql
 select customers.cust_id, orders.order_num
 from orders full outer join customers
 on orders.cust_id = customers.cust_id;
```

MySQL不支持FULL OUTER JOIN。


### 使用带聚集函数的联结

#### 内联结

```mysql
mysql> select customers.cust_id, count(orders.order_num) as num_ord
    -> from customers inner join orders
    -> on customers.cust_id = orders.cust_id
    -> group by customers.cust_id;
+------------+---------+
| cust_id    | num_ord |
+------------+---------+
| 1000000001 |       2 |
| 1000000003 |       1 |
| 1000000004 |       1 |
| 1000000005 |       1 |
+------------+---------+
4 rows in set (0.00 sec)
```

#### 外联结

```mysql
mysql> select customers.cust_id, count(orders.order_num) as num_ord
    -> from customers left outer join orders
    -> on customers.cust_id = orders.cust_id
    -> group by customers.cust_id;
+------------+---------+
| cust_id    | num_ord |
+------------+---------+
| 1000000001 |       2 |
| 1000000002 |       0 |
| 1000000003 |       1 |
| 1000000004 |       1 |
| 1000000005 |       1 |
+------------+---------+
5 rows in set (0.00 sec)
```



# 第十四章 组合查询



SQL允许执行多个查询，并将结果作为单个查询结果集返回。

需要使用组合查询的情况：

- 在单个查询中从不同的表类似返回结构数据
- 对单个表执行多个查询，按单个查询返回结果

### 创建组合查询

用union关键字将两条select语句连起来就是组合查询：

```mysql

mysql> select cust_name, cust_contact, cust_email
    -> from customers
    -> where cust_state in('IL','IN','MI')
    -> union
    -> select cust_name, cust_contact, cust_email
    -> from customers
    -> where cust_name='Fun4All';
+---------------+--------------------+-----------------------+
| cust_name     | cust_contact       | cust_email            |
+---------------+--------------------+-----------------------+
| Village Toys  | John Smith         | sales@villagetoys.com |
| Fun4All       | Jim Jones          | jjones@fun4all.com    |
| The Toy Store | Kim Howard         | NULL                  |
| Fun4All       | Denise L. Stephens | dstephens@fun4all.com |
+---------------+--------------------+-----------------------+
4 rows in set (0.07 sec)
```

这里其实可以直接会用WHERE子句而不同使用union关键字。

#### Union规则

- unions必须使用在两条及两条以上的select语句中
- union所连接的前后select语句中必须包含相同的列、表达式或聚集函数
- 列数据类型必须兼容：类型不必完全相同，但必须是DBMS可以隐式转换的类型。

#### 包含或取消重复的行

union会从查询结果集中自动去除重复的行。这是一种默认行为，若不像是用这个行为可以在union后加上all关键字。

#### 对组合查询排序

在组合排序中只能使用一条ORDER by，且只能放在最后一条select语句之后。对于一次组合查询不能出现每部分使用不同排序方式的情况。











