# 第17章 创建和操纵表

### 创建

一般的dbms都使用create table创建表，创建时要给出如下信息：

- 新表的名字，在关键字create table 之后给出

- 表列的名字和定义，用逗号分隔
- 有的dbms还要指定表的位置

```mysql
mysql> CREATE TABLE Customers2
    -> (
    ->   cust_id      char(10)  NOT NULL ,
    ->   cust_name    char(50)  NOT NULL ,
    ->   cust_address char(50)  NULL ,
    ->   cust_city    char(50)  NULL ,
    ->   cust_state   char(5)   NULL ,
    ->   cust_zip     char(10)  NULL ,
    ->   cust_country char(50)  NULL ,
    ->   cust_contact char(50)  NULL ,
    ->   cust_email   char(255) NULL
    -> );
Query OK, 0 rows affected (0.11 sec)

mysql> show tables;
+-----------------+
| Tables_in_test1 |
+-----------------+
| custcopy        |
| customers       |
| customers2      |
| orderitems      |
| orders          |
| products        |
| vendors         |
+-----------------+
7 rows in set (0.00 sec)
```

代码中的每一列中的NULL或NOt NULL就是表名该列的值是否允许设置为NULL。

只有设为NOT NULL的列才可能设置为主键。

NULL表示没有值，是与空串不同的。

#### 默认值

还可以在NOT NULL加上 “default 值”来表示默认值。

### 更新表

#### 使用alter table语句

**注意事项：**

- 一般来说在表中包含数据时，不对其进行更新
- 所有dbms都允许给现有的表增加列，不过对增加的列的数据类型有所限制
- 许多dbms不允许删除或更改表中的列
- 多数dbms允许重命名表中的列
- 许多dbms对已经填有数据的列的更改有限制，对未填有数据的列几乎没有限制。

**使用方法：**

- 在alter table之后给出要更改的表名
- 所做更改的列表

```mysql
mysql> alter table vendors add vend_phone char(20);
Query OK, 6 rows affected (0.14 sec)
Records: 6  Duplicates: 0  Warnings: 0
```

```mysql
mysql> alter table vendors drop column vend_phone;
Query OK, 6 rows affected (0.09 sec)
Records: 6  Duplicates: 0  Warnings: 0
```

### 删除表

使用drop table语句即可。

```mysql
mysql> drop table customers2;
Query OK, 0 rows affected (0.00 sec)

mysql> show tables;
+-----------------+
| Tables_in_test1 |
+-----------------+
| custcopy        |
| customers       |
| orderitems      |
| orders          |
| products        |
| vendors         |
+-----------------+
6 rows in set (0.00 sec)
```

### 重命名表

一般是使用rename 语句，但是不同dbms具体会有不同的要求，不过肯定是要指定旧表名和新表名。

```mysql
mysql> rename table custcopy to custcoppy;
Query OK, 0 rows affected (0.03 sec)

mysql> show tables;
+-----------------+
| Tables_in_test1 |
+-----------------+
| custcoppy       |
| customers       |
| orderitems      |
| orders          |
| products        |
| vendors         |
+-----------------+
6 rows in set (0.00 sec)
```



# 第18章 使用视图

### 视图

视图就是一个虚拟表，它不包含具体的数据，视图只是包含使用时动态检索数据的查询。

可以把查询包装为一个视图，这样就可以缩短查询语句。

#### 为什么使用视图

- 重用sql语句
- 简化复杂的SQL操作
- 使用表的组成部分而不是整个表
- 保护数据
- 更改数据格式和表示。

视图仅仅是用来查看存储在别处的数据的一种设施。地图本省并不包含数据，因此他们返回的数据是从其他表中检索出来的。在添加或更改这些表中的数据时，视图将返回改变过的数据。

### 创建视图

用create view语句来创建。只能用来创建不存在的视图。

用drop删除视图，语法为`drop view viewname;`

#### 利用视图简化复杂的联结

```mysql
mysql> create view productCustomers as select cust_name, cust_contact, prod_id from customers, orders, orderitems
    -> where customers.cust_id=orders.cust_id and orderitems.order_num = orders.order_num;
Query OK, 0 rows affected (0.08 sec)
```

使用该视图

```mysql
mysql> create view productCustomers as select cust_name, cust_contact, prod_id from customers, orders, orderitems
    -> where customers.cust_id=orders.cust_id and orderitems.order_num = orders.order_num;
Query OK, 0 rows affected (0.08 sec)

mysql> select * from productcustomers;
+---------------+--------------------+---------+
| cust_name     | cust_contact       | prod_id |
+---------------+--------------------+---------+
| Village Toys  | John Smith         | BR01    |
| Village Toys  | John Smith         | BR03    |
| Fun4All       | Jim Jones          | BR01    |
| Fun4All       | Jim Jones          | BR02    |
| Fun4All       | Jim Jones          | BR03    |
| Fun4All       | Denise L. Stephens | BR03    |
| Fun4All       | Denise L. Stephens | BNBG01  |
| Fun4All       | Denise L. Stephens | BNBG02  |
| Fun4All       | Denise L. Stephens | BNBG03  |
| Fun4All       | Denise L. Stephens | RGAN01  |
| The Toy Store | Kim Howard         | RGAN01  |
| The Toy Store | Kim Howard         | BR03    |
| The Toy Store | Kim Howard         | BNBG01  |
| The Toy Store | Kim Howard         | BNBG02  |
| The Toy Store | Kim Howard         | BNBG03  |
| Village Toys  | John Smith         | BNBG01  |
| Village Toys  | John Smith         | BNBG02  |
| Village Toys  | John Smith         | BNBG03  |
+---------------+--------------------+---------+
18 rows in set (0.00 sec)
```

#### 使用视图格式化select语句的输出

```mysql
mysql> create view vendorlocation as select concat(vend_name , '(' , vend_country , ')' ) as
    -> vend_title
    -> from vendors;
Query OK, 0 rows affected (0.03 sec)

mysql> select * from vendorlocation;
+------------------------+
| vend_title             |
+------------------------+
| Bears R Us(USA)        |
| Bear Emporium(USA)     |
| Doll House Inc.(USA)   |
| Furball Inc.(USA)      |
| Fun and Games(England) |
| Jouets et ours(France) |
+------------------------+
6 rows in set (0.00 sec)
```

#### 使用视图过滤数据

```mysql
mysql> create view customerEmaillist as select cust_id, cust_name, cust_email from customers
    -> where cust_email is not null;
Query OK, 0 rows affected (0.02 sec)

mysql> select * from customeremaillist;
+------------+---------------+-----------------------+
| cust_id    | cust_name     | cust_email            |
+------------+---------------+-----------------------+
| 1000000001 | Village Toys  | sales@villagetoys.com |
| 1000000003 | Fun4All       | jjones@fun4all.com    |
| 1000000004 | Fun4All       | dstephens@fun4all.com |
| 1000000005 | The Toy Store | 2333@gmail.com        |
| 1000000006 | Toy Land      | 3555@163.com          |
+------------+---------------+-----------------------+
5 rows in set (0.00 sec)
```

视图就是对SQL语句的一个封装，方便后续使用。



# 第十九章 使用存储过程

存储过程就是为以后使用而保存的一条或多条SQL语句的集合。

其三个优点：简单、安全、高性能。

感觉就像是一个自定义函数。

### 创建存储过程

在mysql命令行工具中分号会被当做sql语句的结束标志，而在存储过程中的语句会用到分号，但不想结束语句。因此就需要将结束符号临时改变一下，实现这个功能的是 delimiter 语句，例如 `delimiter $$`就是将结束符号暂时改为`$$`。

当写完存储过程后，记得要将结束符号改回分号：`delimiter ;`

一个例子：

```mysql
mysql> delimiter $$
mysql> create procedure mailingListcount(out listcount  int)
    -> begin
    -> select count(*) from customers
    -> where not cust_email is nULL into listcount;
    -> end$$
Query OK, 0 rows affected (0.04 sec)

mysql> delimiter ;
mysql> set @listcount=NULL;
Query OK, 0 rows affected (0.00 sec)

mysql> call mailinglistcount(@listcount);
Query OK, 1 row affected (0.05 sec)

mysql> select @listcount;
+------------+
| @listcount |
+------------+
|          5 |
+------------+
1 row in set (0.00 sec)

# 验证一下
mysql> select count(*) from customers where cust_email is not nULL;
+----------+
| count(*) |
+----------+
|        5 |
+----------+
1 row in set (0.00 sec)

```

这里先修改结束符号，然后开始定义存储过程。使用create procedure 关键字后接存储过程名，然后是在括号中声明参数，out表示输出参数（就是函数中的返回值）；若为in则表示输入参数，还有一个inout表示输入输出参数。

之后是参数名字，括号完毕。

函数体以begin 开始，以end结束。

在函数体中使用into关键字给参数赋值。

#### 调用存储过程

先要在mysql命令行中使用set 关键字创建临时变量，变量名前使用@符号。

调用时使用call关键字，`call 存储过程名(@参数名)`。

最后使用`select @参数名` 查看返回值。



